Experiment,Solutions,Objectives,Mean_Obj1,Std_Obj1,Min_Obj1,Max_Obj1
All Objectives,97,8,485.3300368731134,231.90149979724984,221.25730537977563,1657.516687657592
Core Nutrition,101,5,124.07169218912321,11.254466470415887,98.54428109801549,151.25930123431237
Health Focused,34,4,-1.0,0.0,-1.0,-1.0
Practical,60,4,91.93154073721503,3.2564278524859325,86.6149739454679,105.10015545344105
